timestamp,raw_json
20250724-183207,"{"latitude":52.52,"longitude":13.419998,"generationtime_ms":0.0171661376953125,"utc_offset_seconds":0,"timezone":"GMT","timezone_abbreviation":"GMT","elevation":38.0,"current_units":{"time":"iso8601","interval":"seconds","temperature_2m":"°C"},"current":{"time":"2025-07-24T18:30","interval":900,"temperature_2m":22.0}}"
20250724-191320,"{"latitude":52.52,"longitude":13.419998,"generationtime_ms":0.0152587890625,"utc_offset_seconds":0,"timezone":"GMT","timezone_abbreviation":"GMT","elevation":38.0,"current_units":{"time":"iso8601","interval":"seconds","temperature_2m":"°C"},"current":{"time":"2025-07-24T19:00","interval":900,"temperature_2m":21.8}}"
20250724-201501,"{"latitude":52.52,"longitude":13.419998,"generationtime_ms":0.020742416381835938,"utc_offset_seconds":0,"timezone":"GMT","timezone_abbreviation":"GMT","elevation":38.0,"current_units":{"time":"iso8601","interval":"seconds","temperature_2m":"°C"},"current":{"time":"2025-07-24T20:15","interval":900,"temperature_2m":21.4}}"
20250724-211321,"{"latitude":52.52,"longitude":13.419998,"generationtime_ms":0.02002716064453125,"utc_offset_seconds":0,"timezone":"GMT","timezone_abbreviation":"GMT","elevation":38.0,"current_units":{"time":"iso8601","interval":"seconds","temperature_2m":"°C"},"current":{"time":"2025-07-24T21:00","interval":900,"temperature_2m":21.0}}"
20250724-221514,"{"latitude":52.52,"longitude":13.419998,"generationtime_ms":0.019073486328125,"utc_offset_seconds":0,"timezone":"GMT","timezone_abbreviation":"GMT","elevation":38.0,"current_units":{"time":"iso8601","interval":"seconds","temperature_2m":"°C"},"current":{"time":"2025-07-24T22:15","interval":900,"temperature_2m":20.2}}"
20250724-231348,"{"latitude":52.52,"longitude":13.419998,"generationtime_ms":0.023603439331054688,"utc_offset_seconds":0,"timezone":"GMT","timezone_abbreviation":"GMT","elevation":38.0,"current_units":{"time":"iso8601","interval":"seconds","temperature_2m":"°C"},"current":{"time":"2025-07-24T23:00","interval":900,"temperature_2m":19.2}}"
20250725-010558,"{"latitude":52.52,"longitude":13.419998,"generationtime_ms":0.01704692840576172,"utc_offset_seconds":0,"timezone":"GMT","timezone_abbreviation":"GMT","elevation":38.0,"current_units":{"time":"iso8601","interval":"seconds","temperature_2m":"°C"},"current":{"time":"2025-07-25T01:00","interval":900,"temperature_2m":19.0}}"
20250725-032521,"{"latitude":52.52,"longitude":13.419998,"generationtime_ms":0.019550323486328125,"utc_offset_seconds":0,"timezone":"GMT","timezone_abbreviation":"GMT","elevation":38.0,"current_units":{"time":"iso8601","interval":"seconds","temperature_2m":"°C"},"current":{"time":"2025-07-25T03:15","interval":900,"temperature_2m":18.0}}"
20250725-043323,"{"latitude":52.52,"longitude":13.419998,"generationtime_ms":0.018477439880371094,"utc_offset_seconds":0,"timezone":"GMT","timezone_abbreviation":"GMT","elevation":38.0,"current_units":{"time":"iso8601","interval":"seconds","temperature_2m":"°C"},"current":{"time":"2025-07-25T04:30","interval":900,"temperature_2m":18.1}}"
20250725-052150,"{"latitude":52.52,"longitude":13.419998,"generationtime_ms":0.024318695068359375,"utc_offset_seconds":0,"timezone":"GMT","timezone_abbreviation":"GMT","elevation":38.0,"current_units":{"time":"iso8601","interval":"seconds","temperature_2m":"°C"},"current":{"time":"2025-07-25T05:15","interval":900,"temperature_2m":18.5}}"
20250725-062127,"{"latitude":52.52,"longitude":13.419998,"generationtime_ms":0.027179718017578125,"utc_offset_seconds":0,"timezone":"GMT","timezone_abbreviation":"GMT","elevation":38.0,"current_units":{"time":"iso8601","interval":"seconds","temperature_2m":"°C"},"current":{"time":"2025-07-25T06:15","interval":900,"temperature_2m":18.8}}"
20250725-071741,"{"latitude":52.52,"longitude":13.419998,"generationtime_ms":0.019788742065429688,"utc_offset_seconds":0,"timezone":"GMT","timezone_abbreviation":"GMT","elevation":38.0,"current_units":{"time":"iso8601","interval":"seconds","temperature_2m":"°C"},"current":{"time":"2025-07-25T07:15","interval":900,"temperature_2m":19.3}}"
20250725-081850,"{"latitude":52.52,"longitude":13.419998,"generationtime_ms":0.023245811462402344,"utc_offset_seconds":0,"timezone":"GMT","timezone_abbreviation":"GMT","elevation":38.0,"current_units":{"time":"iso8601","interval":"seconds","temperature_2m":"°C"},"current":{"time":"2025-07-25T08:15","interval":900,"temperature_2m":20.4}}"
20250725-091727,""
20250725-101459,"{"latitude":52.52,"longitude":13.419998,"generationtime_ms":0.015616416931152344,"utc_offset_seconds":0,"timezone":"GMT","timezone_abbreviation":"GMT","elevation":38.0,"current_units":{"time":"iso8601","interval":"seconds","temperature_2m":"°C"},"current":{"time":"2025-07-25T10:15","interval":900,"temperature_2m":21.4}}"
20250725-111317,"{"latitude":52.52,"longitude":13.419998,"generationtime_ms":0.02193450927734375,"utc_offset_seconds":0,"timezone":"GMT","timezone_abbreviation":"GMT","elevation":38.0,"current_units":{"time":"iso8601","interval":"seconds","temperature_2m":"°C"},"current":{"time":"2025-07-25T11:00","interval":900,"temperature_2m":21.3}}"
20250725-122700,"{"latitude":52.52,"longitude":13.419998,"generationtime_ms":10.80179214477539,"utc_offset_seconds":0,"timezone":"GMT","timezone_abbreviation":"GMT","elevation":38.0,"current_units":{"time":"iso8601","interval":"seconds","temperature_2m":"°C"},"current":{"time":"2025-07-25T12:15","interval":900,"temperature_2m":21.5}}"
20250725-133223,"{"latitude":52.52,"longitude":13.419998,"generationtime_ms":0.015974044799804688,"utc_offset_seconds":0,"timezone":"GMT","timezone_abbreviation":"GMT","elevation":38.0,"current_units":{"time":"iso8601","interval":"seconds","temperature_2m":"°C"},"current":{"time":"2025-07-25T13:30","interval":900,"temperature_2m":23.0}}"
20250725-141421,"{"latitude":52.52,"longitude":13.419998,"generationtime_ms":0.018835067749023438,"utc_offset_seconds":0,"timezone":"GMT","timezone_abbreviation":"GMT","elevation":38.0,"current_units":{"time":"iso8601","interval":"seconds","temperature_2m":"°C"},"current":{"time":"2025-07-25T14:00","interval":900,"temperature_2m":23.4}}"
20250725-151432,"{"latitude":52.52,"longitude":13.419998,"generationtime_ms":0.022649765014648438,"utc_offset_seconds":0,"timezone":"GMT","timezone_abbreviation":"GMT","elevation":38.0,"current_units":{"time":"iso8601","interval":"seconds","temperature_2m":"°C"},"current":{"time":"2025-07-25T15:00","interval":900,"temperature_2m":24.2}}"
20250725-161815,"{"latitude":52.52,"longitude":13.419998,"generationtime_ms":0.019550323486328125,"utc_offset_seconds":0,"timezone":"GMT","timezone_abbreviation":"GMT","elevation":38.0,"current_units":{"time":"iso8601","interval":"seconds","temperature_2m":"°C"},"current":{"time":"2025-07-25T16:15","interval":900,"temperature_2m":23.0}}"
20250725-171506,"{"latitude":52.52,"longitude":13.419998,"generationtime_ms":0.016808509826660156,"utc_offset_seconds":0,"timezone":"GMT","timezone_abbreviation":"GMT","elevation":38.0,"current_units":{"time":"iso8601","interval":"seconds","temperature_2m":"°C"},"current":{"time":"2025-07-25T17:15","interval":900,"temperature_2m":22.6}}"
20250725-181958,"{"latitude":52.52,"longitude":13.419998,"generationtime_ms":0.020265579223632812,"utc_offset_seconds":0,"timezone":"GMT","timezone_abbreviation":"GMT","elevation":38.0,"current_units":{"time":"iso8601","interval":"seconds","temperature_2m":"°C"},"current":{"time":"2025-07-25T18:15","interval":900,"temperature_2m":21.8}}"
20250725-191348,"{"latitude":52.52,"longitude":13.419998,"generationtime_ms":0.018358230590820312,"utc_offset_seconds":0,"timezone":"GMT","timezone_abbreviation":"GMT","elevation":38.0,"current_units":{"time":"iso8601","interval":"seconds","temperature_2m":"°C"},"current":{"time":"2025-07-25T19:00","interval":900,"temperature_2m":21.0}}"
20250725-201435,"{"latitude":52.52,"longitude":13.419998,"generationtime_ms":0.023245811462402344,"utc_offset_seconds":0,"timezone":"GMT","timezone_abbreviation":"GMT","elevation":38.0,"current_units":{"time":"iso8601","interval":"seconds","temperature_2m":"°C"},"current":{"time":"2025-07-25T20:00","interval":900,"temperature_2m":20.5}}"
20250725-211336,"{"latitude":52.52,"longitude":13.419998,"generationtime_ms":0.01823902130126953,"utc_offset_seconds":0,"timezone":"GMT","timezone_abbreviation":"GMT","elevation":38.0,"current_units":{"time":"iso8601","interval":"seconds","temperature_2m":"°C"},"current":{"time":"2025-07-25T21:00","interval":900,"temperature_2m":20.4}}"
20250725-221307,"{"latitude":52.52,"longitude":13.419998,"generationtime_ms":0.02396106719970703,"utc_offset_seconds":0,"timezone":"GMT","timezone_abbreviation":"GMT","elevation":38.0,"current_units":{"time":"iso8601","interval":"seconds","temperature_2m":"°C"},"current":{"time":"2025-07-25T22:00","interval":900,"temperature_2m":20.1}}"
20250725-231454,"{"latitude":52.52,"longitude":13.419998,"generationtime_ms":0.03337860107421875,"utc_offset_seconds":0,"timezone":"GMT","timezone_abbreviation":"GMT","elevation":38.0,"current_units":{"time":"iso8601","interval":"seconds","temperature_2m":"°C"},"current":{"time":"2025-07-25T23:00","interval":900,"temperature_2m":19.8}}"
20250726-010345,"{"latitude":52.52,"longitude":13.419998,"generationtime_ms":0.02014636993408203,"utc_offset_seconds":0,"timezone":"GMT","timezone_abbreviation":"GMT","elevation":38.0,"current_units":{"time":"iso8601","interval":"seconds","temperature_2m":"°C"},"current":{"time":"2025-07-26T01:00","interval":900,"temperature_2m":19.3}}"
20250726-032117,"{"latitude":52.52,"longitude":13.419998,"generationtime_ms":0.016570091247558594,"utc_offset_seconds":0,"timezone":"GMT","timezone_abbreviation":"GMT","elevation":38.0,"current_units":{"time":"iso8601","interval":"seconds","temperature_2m":"°C"},"current":{"time":"2025-07-26T03:15","interval":900,"temperature_2m":18.5}}"
20250726-043118,"{"latitude":52.52,"longitude":13.419998,"generationtime_ms":0.025391578674316406,"utc_offset_seconds":0,"timezone":"GMT","timezone_abbreviation":"GMT","elevation":38.0,"current_units":{"time":"iso8601","interval":"seconds","temperature_2m":"°C"},"current":{"time":"2025-07-26T04:30","interval":900,"temperature_2m":18.1}}"
20250726-051815,"{"latitude":52.52,"longitude":13.419998,"generationtime_ms":0.021696090698242188,"utc_offset_seconds":0,"timezone":"GMT","timezone_abbreviation":"GMT","elevation":38.0,"current_units":{"time":"iso8601","interval":"seconds","temperature_2m":"°C"},"current":{"time":"2025-07-26T05:15","interval":900,"temperature_2m":18.1}}"
20250726-061918,"{"latitude":52.52,"longitude":13.419998,"generationtime_ms":0.028014183044433594,"utc_offset_seconds":0,"timezone":"GMT","timezone_abbreviation":"GMT","elevation":38.0,"current_units":{"time":"iso8601","interval":"seconds","temperature_2m":"°C"},"current":{"time":"2025-07-26T06:15","interval":900,"temperature_2m":18.1}}"
20250726-071420,"{"latitude":52.52,"longitude":13.419998,"generationtime_ms":0.02574920654296875,"utc_offset_seconds":0,"timezone":"GMT","timezone_abbreviation":"GMT","elevation":38.0,"current_units":{"time":"iso8601","interval":"seconds","temperature_2m":"°C"},"current":{"time":"2025-07-26T07:00","interval":900,"temperature_2m":18.4}}"
20250726-081714,"{"latitude":52.52,"longitude":13.419998,"generationtime_ms":0.02396106719970703,"utc_offset_seconds":0,"timezone":"GMT","timezone_abbreviation":"GMT","elevation":38.0,"current_units":{"time":"iso8601","interval":"seconds","temperature_2m":"°C"},"current":{"time":"2025-07-26T08:15","interval":900,"temperature_2m":18.5}}"
20250726-091419,"{"latitude":52.52,"longitude":13.419998,"generationtime_ms":0.01704692840576172,"utc_offset_seconds":0,"timezone":"GMT","timezone_abbreviation":"GMT","elevation":38.0,"current_units":{"time":"iso8601","interval":"seconds","temperature_2m":"°C"},"current":{"time":"2025-07-26T09:00","interval":900,"temperature_2m":18.8}}"
20250726-101320,"{"latitude":52.52,"longitude":13.419998,"generationtime_ms":0.032782554626464844,"utc_offset_seconds":0,"timezone":"GMT","timezone_abbreviation":"GMT","elevation":38.0,"current_units":{"time":"iso8601","interval":"seconds","temperature_2m":"°C"},"current":{"time":"2025-07-26T10:00","interval":900,"temperature_2m":19.1}}"
20250726-111200,"{"latitude":52.52,"longitude":13.419998,"generationtime_ms":0.8881092071533203,"utc_offset_seconds":0,"timezone":"GMT","timezone_abbreviation":"GMT","elevation":38.0,"current_units":{"time":"iso8601","interval":"seconds","temperature_2m":"°C"},"current":{"time":"2025-07-26T11:00","interval":900,"temperature_2m":20.1}}"
20250726-122452,"{"latitude":52.52,"longitude":13.419998,"generationtime_ms":0.026226043701171875,"utc_offset_seconds":0,"timezone":"GMT","timezone_abbreviation":"GMT","elevation":38.0,"current_units":{"time":"iso8601","interval":"seconds","temperature_2m":"°C"},"current":{"time":"2025-07-26T12:15","interval":900,"temperature_2m":20.5}}"
20250726-132600,"{"latitude":52.52,"longitude":13.419998,"generationtime_ms":1.4414787292480469,"utc_offset_seconds":0,"timezone":"GMT","timezone_abbreviation":"GMT","elevation":38.0,"current_units":{"time":"iso8601","interval":"seconds","temperature_2m":"°C"},"current":{"time":"2025-07-26T13:15","interval":900,"temperature_2m":20.5}}"
20250726-141309,"{"latitude":52.52,"longitude":13.419998,"generationtime_ms":0.02396106719970703,"utc_offset_seconds":0,"timezone":"GMT","timezone_abbreviation":"GMT","elevation":38.0,"current_units":{"time":"iso8601","interval":"seconds","temperature_2m":"°C"},"current":{"time":"2025-07-26T14:00","interval":900,"temperature_2m":21.4}}"
20250726-151329,"{"latitude":52.52,"longitude":13.419998,"generationtime_ms":0.022649765014648438,"utc_offset_seconds":0,"timezone":"GMT","timezone_abbreviation":"GMT","elevation":38.0,"current_units":{"time":"iso8601","interval":"seconds","temperature_2m":"°C"},"current":{"time":"2025-07-26T15:00","interval":900,"temperature_2m":21.9}}"
20250726-161602,"{"latitude":52.52,"longitude":13.419998,"generationtime_ms":0.02384185791015625,"utc_offset_seconds":0,"timezone":"GMT","timezone_abbreviation":"GMT","elevation":38.0,"current_units":{"time":"iso8601","interval":"seconds","temperature_2m":"°C"},"current":{"time":"2025-07-26T16:15","interval":900,"temperature_2m":22.0}}"
20250726-171248,"{"latitude":52.52,"longitude":13.419998,"generationtime_ms":0.01633167266845703,"utc_offset_seconds":0,"timezone":"GMT","timezone_abbreviation":"GMT","elevation":38.0,"current_units":{"time":"iso8601","interval":"seconds","temperature_2m":"°C"},"current":{"time":"2025-07-26T17:00","interval":900,"temperature_2m":22.2}}"
20250726-181813,"{"latitude":52.52,"longitude":13.419998,"generationtime_ms":0.02086162567138672,"utc_offset_seconds":0,"timezone":"GMT","timezone_abbreviation":"GMT","elevation":38.0,"current_units":{"time":"iso8601","interval":"seconds","temperature_2m":"°C"},"current":{"time":"2025-07-26T18:15","interval":900,"temperature_2m":21.5}}"
20250726-191035,"{"latitude":52.52,"longitude":13.419998,"generationtime_ms":0.0171661376953125,"utc_offset_seconds":0,"timezone":"GMT","timezone_abbreviation":"GMT","elevation":38.0,"current_units":{"time":"iso8601","interval":"seconds","temperature_2m":"°C"},"current":{"time":"2025-07-26T19:00","interval":900,"temperature_2m":21.3}}"
20250726-201428,"{"latitude":52.52,"longitude":13.419998,"generationtime_ms":0.019311904907226562,"utc_offset_seconds":0,"timezone":"GMT","timezone_abbreviation":"GMT","elevation":38.0,"current_units":{"time":"iso8601","interval":"seconds","temperature_2m":"°C"},"current":{"time":"2025-07-26T20:00","interval":900,"temperature_2m":20.9}}"
20250726-211234,"{"latitude":52.52,"longitude":13.419998,"generationtime_ms":0.02396106719970703,"utc_offset_seconds":0,"timezone":"GMT","timezone_abbreviation":"GMT","elevation":38.0,"current_units":{"time":"iso8601","interval":"seconds","temperature_2m":"°C"},"current":{"time":"2025-07-26T21:00","interval":900,"temperature_2m":20.3}}"
20250726-221332,"{"latitude":52.52,"longitude":13.419998,"generationtime_ms":0.028371810913085938,"utc_offset_seconds":0,"timezone":"GMT","timezone_abbreviation":"GMT","elevation":38.0,"current_units":{"time":"iso8601","interval":"seconds","temperature_2m":"°C"},"current":{"time":"2025-07-26T22:00","interval":900,"temperature_2m":19.3}}"
20250726-231347,"{"latitude":52.52,"longitude":13.419998,"generationtime_ms":0.02181529998779297,"utc_offset_seconds":0,"timezone":"GMT","timezone_abbreviation":"GMT","elevation":38.0,"current_units":{"time":"iso8601","interval":"seconds","temperature_2m":"°C"},"current":{"time":"2025-07-26T23:00","interval":900,"temperature_2m":18.6}}"
20250727-011148,"{"latitude":52.52,"longitude":13.419998,"generationtime_ms":0.02205371856689453,"utc_offset_seconds":0,"timezone":"GMT","timezone_abbreviation":"GMT","elevation":38.0,"current_units":{"time":"iso8601","interval":"seconds","temperature_2m":"°C"},"current":{"time":"2025-07-27T01:00","interval":900,"temperature_2m":17.1}}"
20250727-034203,"{"latitude":52.52,"longitude":13.419998,"generationtime_ms":0.028014183044433594,"utc_offset_seconds":0,"timezone":"GMT","timezone_abbreviation":"GMT","elevation":38.0,"current_units":{"time":"iso8601","interval":"seconds","temperature_2m":"°C"},"current":{"time":"2025-07-27T03:30","interval":900,"temperature_2m":16.4}}"
20250727-043838,"{"latitude":52.52,"longitude":13.419998,"generationtime_ms":0.02181529998779297,"utc_offset_seconds":0,"timezone":"GMT","timezone_abbreviation":"GMT","elevation":38.0,"current_units":{"time":"iso8601","interval":"seconds","temperature_2m":"°C"},"current":{"time":"2025-07-27T04:30","interval":900,"temperature_2m":16.2}}"
20250727-052039,"{"latitude":52.52,"longitude":13.419998,"generationtime_ms":0.025153160095214844,"utc_offset_seconds":0,"timezone":"GMT","timezone_abbreviation":"GMT","elevation":38.0,"current_units":{"time":"iso8601","interval":"seconds","temperature_2m":"°C"},"current":{"time":"2025-07-27T05:15","interval":900,"temperature_2m":16.8}}"
20250727-061955,"{"latitude":52.52,"longitude":13.419998,"generationtime_ms":0.02384185791015625,"utc_offset_seconds":0,"timezone":"GMT","timezone_abbreviation":"GMT","elevation":38.0,"current_units":{"time":"iso8601","interval":"seconds","temperature_2m":"°C"},"current":{"time":"2025-07-27T06:15","interval":900,"temperature_2m":18.2}}"
20250727-071403,"{"latitude":52.52,"longitude":13.419998,"generationtime_ms":0.018715858459472656,"utc_offset_seconds":0,"timezone":"GMT","timezone_abbreviation":"GMT","elevation":38.0,"current_units":{"time":"iso8601","interval":"seconds","temperature_2m":"°C"},"current":{"time":"2025-07-27T07:00","interval":900,"temperature_2m":19.4}}"
20250727-081741,"{"latitude":52.52,"longitude":13.419998,"generationtime_ms":0.025272369384765625,"utc_offset_seconds":0,"timezone":"GMT","timezone_abbreviation":"GMT","elevation":38.0,"current_units":{"time":"iso8601","interval":"seconds","temperature_2m":"°C"},"current":{"time":"2025-07-27T08:15","interval":900,"temperature_2m":21.0}}"
20250727-091359,"{"latitude":52.52,"longitude":13.419998,"generationtime_ms":0.021457672119140625,"utc_offset_seconds":0,"timezone":"GMT","timezone_abbreviation":"GMT","elevation":38.0,"current_units":{"time":"iso8601","interval":"seconds","temperature_2m":"°C"},"current":{"time":"2025-07-27T09:00","interval":900,"temperature_2m":21.9}}"
20250727-101418,"{"latitude":52.52,"longitude":13.419998,"generationtime_ms":0.017523765563964844,"utc_offset_seconds":0,"timezone":"GMT","timezone_abbreviation":"GMT","elevation":38.0,"current_units":{"time":"iso8601","interval":"seconds","temperature_2m":"°C"},"current":{"time":"2025-07-27T10:00","interval":900,"temperature_2m":22.3}}"
20250727-111059,"{"latitude":52.52,"longitude":13.419998,"generationtime_ms":0.015974044799804688,"utc_offset_seconds":0,"timezone":"GMT","timezone_abbreviation":"GMT","elevation":38.0,"current_units":{"time":"iso8601","interval":"seconds","temperature_2m":"°C"},"current":{"time":"2025-07-27T11:00","interval":900,"temperature_2m":23.2}}"
20250727-122447,"{"latitude":52.52,"longitude":13.419998,"generationtime_ms":0.0171661376953125,"utc_offset_seconds":0,"timezone":"GMT","timezone_abbreviation":"GMT","elevation":38.0,"current_units":{"time":"iso8601","interval":"seconds","temperature_2m":"°C"},"current":{"time":"2025-07-27T12:15","interval":900,"temperature_2m":24.0}}"
20250727-132710,"{"latitude":52.52,"longitude":13.419998,"generationtime_ms":0.0209808349609375,"utc_offset_seconds":0,"timezone":"GMT","timezone_abbreviation":"GMT","elevation":38.0,"current_units":{"time":"iso8601","interval":"seconds","temperature_2m":"°C"},"current":{"time":"2025-07-27T13:15","interval":900,"temperature_2m":23.6}}"
20250727-141422,"{"latitude":52.52,"longitude":13.419998,"generationtime_ms":0.01704692840576172,"utc_offset_seconds":0,"timezone":"GMT","timezone_abbreviation":"GMT","elevation":38.0,"current_units":{"time":"iso8601","interval":"seconds","temperature_2m":"°C"},"current":{"time":"2025-07-27T14:00","interval":900,"temperature_2m":23.9}}"
20250727-151247,"{"latitude":52.52,"longitude":13.419998,"generationtime_ms":0.019311904907226562,"utc_offset_seconds":0,"timezone":"GMT","timezone_abbreviation":"GMT","elevation":38.0,"current_units":{"time":"iso8601","interval":"seconds","temperature_2m":"°C"},"current":{"time":"2025-07-27T15:00","interval":900,"temperature_2m":23.5}}"
20250727-161617,"{"latitude":52.52,"longitude":13.419998,"generationtime_ms":0.02562999725341797,"utc_offset_seconds":0,"timezone":"GMT","timezone_abbreviation":"GMT","elevation":38.0,"current_units":{"time":"iso8601","interval":"seconds","temperature_2m":"°C"},"current":{"time":"2025-07-27T16:15","interval":900,"temperature_2m":23.5}}"
20250727-171204,"{"latitude":52.52,"longitude":13.419998,"generationtime_ms":0.018715858459472656,"utc_offset_seconds":0,"timezone":"GMT","timezone_abbreviation":"GMT","elevation":38.0,"current_units":{"time":"iso8601","interval":"seconds","temperature_2m":"°C"},"current":{"time":"2025-07-27T17:00","interval":900,"temperature_2m":23.2}}"
20250727-181817,"{"latitude":52.52,"longitude":13.419998,"generationtime_ms":0.027894973754882812,"utc_offset_seconds":0,"timezone":"GMT","timezone_abbreviation":"GMT","elevation":38.0,"current_units":{"time":"iso8601","interval":"seconds","temperature_2m":"°C"},"current":{"time":"2025-07-27T18:15","interval":900,"temperature_2m":22.5}}"
20250727-191128,"{"latitude":52.52,"longitude":13.419998,"generationtime_ms":0.0247955322265625,"utc_offset_seconds":0,"timezone":"GMT","timezone_abbreviation":"GMT","elevation":38.0,"current_units":{"time":"iso8601","interval":"seconds","temperature_2m":"°C"},"current":{"time":"2025-07-27T19:00","interval":900,"temperature_2m":22.1}}"
20250727-201522,"{"latitude":52.52,"longitude":13.419998,"generationtime_ms":0.02288818359375,"utc_offset_seconds":0,"timezone":"GMT","timezone_abbreviation":"GMT","elevation":38.0,"current_units":{"time":"iso8601","interval":"seconds","temperature_2m":"°C"},"current":{"time":"2025-07-27T20:15","interval":900,"temperature_2m":20.5}}"
20250727-211254,"{"latitude":52.52,"longitude":13.419998,"generationtime_ms":0.03159046173095703,"utc_offset_seconds":0,"timezone":"GMT","timezone_abbreviation":"GMT","elevation":38.0,"current_units":{"time":"iso8601","interval":"seconds","temperature_2m":"°C"},"current":{"time":"2025-07-27T21:00","interval":900,"temperature_2m":19.9}}"
20250727-221257,"{"latitude":52.52,"longitude":13.419998,"generationtime_ms":0.013709068298339844,"utc_offset_seconds":0,"timezone":"GMT","timezone_abbreviation":"GMT","elevation":38.0,"current_units":{"time":"iso8601","interval":"seconds","temperature_2m":"°C"},"current":{"time":"2025-07-27T22:00","interval":900,"temperature_2m":19.1}}"
20250727-231321,"{"latitude":52.52,"longitude":13.419998,"generationtime_ms":0.028848648071289062,"utc_offset_seconds":0,"timezone":"GMT","timezone_abbreviation":"GMT","elevation":38.0,"current_units":{"time":"iso8601","interval":"seconds","temperature_2m":"°C"},"current":{"time":"2025-07-27T23:00","interval":900,"temperature_2m":18.5}}"
20250728-011048,"{"latitude":52.52,"longitude":13.419998,"generationtime_ms":0.024557113647460938,"utc_offset_seconds":0,"timezone":"GMT","timezone_abbreviation":"GMT","elevation":38.0,"current_units":{"time":"iso8601","interval":"seconds","temperature_2m":"°C"},"current":{"time":"2025-07-28T01:00","interval":900,"temperature_2m":17.6}}"
20250728-034137,"{"latitude":52.52,"longitude":13.419998,"generationtime_ms":0.021696090698242188,"utc_offset_seconds":0,"timezone":"GMT","timezone_abbreviation":"GMT","elevation":38.0,"current_units":{"time":"iso8601","interval":"seconds","temperature_2m":"°C"},"current":{"time":"2025-07-28T03:30","interval":900,"temperature_2m":17.4}}"
20250728-044021,"{"latitude":52.52,"longitude":13.419998,"generationtime_ms":0.021576881408691406,"utc_offset_seconds":0,"timezone":"GMT","timezone_abbreviation":"GMT","elevation":38.0,"current_units":{"time":"iso8601","interval":"seconds","temperature_2m":"°C"},"current":{"time":"2025-07-28T04:30","interval":900,"temperature_2m":17.3}}"
20250728-052350,"{"latitude":52.52,"longitude":13.419998,"generationtime_ms":0.023245811462402344,"utc_offset_seconds":0,"timezone":"GMT","timezone_abbreviation":"GMT","elevation":38.0,"current_units":{"time":"iso8601","interval":"seconds","temperature_2m":"°C"},"current":{"time":"2025-07-28T05:15","interval":900,"temperature_2m":17.4}}"
20250728-062343,"{"latitude":52.52,"longitude":13.419998,"generationtime_ms":0.025510787963867188,"utc_offset_seconds":0,"timezone":"GMT","timezone_abbreviation":"GMT","elevation":38.0,"current_units":{"time":"iso8601","interval":"seconds","temperature_2m":"°C"},"current":{"time":"2025-07-28T06:15","interval":900,"temperature_2m":17.6}}"
20250728-072036,"{"latitude":52.52,"longitude":13.419998,"generationtime_ms":0.020265579223632812,"utc_offset_seconds":0,"timezone":"GMT","timezone_abbreviation":"GMT","elevation":38.0,"current_units":{"time":"iso8601","interval":"seconds","temperature_2m":"°C"},"current":{"time":"2025-07-28T07:15","interval":900,"temperature_2m":18.6}}"
20250728-082040,"{"latitude":52.52,"longitude":13.419998,"generationtime_ms":0.019073486328125,"utc_offset_seconds":0,"timezone":"GMT","timezone_abbreviation":"GMT","elevation":38.0,"current_units":{"time":"iso8601","interval":"seconds","temperature_2m":"°C"},"current":{"time":"2025-07-28T08:15","interval":900,"temperature_2m":18.8}}"
20250728-092210,"{"latitude":52.52,"longitude":13.419998,"generationtime_ms":0.02753734588623047,"utc_offset_seconds":0,"timezone":"GMT","timezone_abbreviation":"GMT","elevation":38.0,"current_units":{"time":"iso8601","interval":"seconds","temperature_2m":"°C"},"current":{"time":"2025-07-28T09:15","interval":900,"temperature_2m":20.5}}"
20250728-101927,"{"latitude":52.52,"longitude":13.419998,"generationtime_ms":0.014901161193847656,"utc_offset_seconds":0,"timezone":"GMT","timezone_abbreviation":"GMT","elevation":38.0,"current_units":{"time":"iso8601","interval":"seconds","temperature_2m":"°C"},"current":{"time":"2025-07-28T10:15","interval":900,"temperature_2m":21.1}}"
20250728-111331,"{"latitude":52.52,"longitude":13.419998,"generationtime_ms":0.03552436828613281,"utc_offset_seconds":0,"timezone":"GMT","timezone_abbreviation":"GMT","elevation":38.0,"current_units":{"time":"iso8601","interval":"seconds","temperature_2m":"°C"},"current":{"time":"2025-07-28T11:00","interval":900,"temperature_2m":21.7}}"
20250728-122739,"{"latitude":52.52,"longitude":13.419998,"generationtime_ms":0.022530555725097656,"utc_offset_seconds":0,"timezone":"GMT","timezone_abbreviation":"GMT","elevation":38.0,"current_units":{"time":"iso8601","interval":"seconds","temperature_2m":"°C"},"current":{"time":"2025-07-28T12:15","interval":900,"temperature_2m":21.1}}"
20250728-133446,"{"latitude":52.52,"longitude":13.419998,"generationtime_ms":0.01811981201171875,"utc_offset_seconds":0,"timezone":"GMT","timezone_abbreviation":"GMT","elevation":38.0,"current_units":{"time":"iso8601","interval":"seconds","temperature_2m":"°C"},"current":{"time":"2025-07-28T13:30","interval":900,"temperature_2m":21.1}}"
20250728-141702,"{"latitude":52.52,"longitude":13.419998,"generationtime_ms":0.024557113647460938,"utc_offset_seconds":0,"timezone":"GMT","timezone_abbreviation":"GMT","elevation":38.0,"current_units":{"time":"iso8601","interval":"seconds","temperature_2m":"°C"},"current":{"time":"2025-07-28T14:15","interval":900,"temperature_2m":22.1}}"
20250728-151603,"{"latitude":52.52,"longitude":13.419998,"generationtime_ms":0.04184246063232422,"utc_offset_seconds":0,"timezone":"GMT","timezone_abbreviation":"GMT","elevation":38.0,"current_units":{"time":"iso8601","interval":"seconds","temperature_2m":"°C"},"current":{"time":"2025-07-28T15:15","interval":900,"temperature_2m":23.5}}"
20250728-161832,"{"latitude":52.52,"longitude":13.419998,"generationtime_ms":0.023126602172851562,"utc_offset_seconds":0,"timezone":"GMT","timezone_abbreviation":"GMT","elevation":38.0,"current_units":{"time":"iso8601","interval":"seconds","temperature_2m":"°C"},"current":{"time":"2025-07-28T16:15","interval":900,"temperature_2m":23.2}}"
20250728-171650,"{"latitude":52.52,"longitude":13.419998,"generationtime_ms":0.018715858459472656,"utc_offset_seconds":0,"timezone":"GMT","timezone_abbreviation":"GMT","elevation":38.0,"current_units":{"time":"iso8601","interval":"seconds","temperature_2m":"°C"},"current":{"time":"2025-07-28T17:15","interval":900,"temperature_2m":22.7}}"
20250728-182053,"{"latitude":52.52,"longitude":13.419998,"generationtime_ms":0.02574920654296875,"utc_offset_seconds":0,"timezone":"GMT","timezone_abbreviation":"GMT","elevation":38.0,"current_units":{"time":"iso8601","interval":"seconds","temperature_2m":"°C"},"current":{"time":"2025-07-28T18:15","interval":900,"temperature_2m":21.9}}"
20250728-191419,"{"latitude":52.52,"longitude":13.419998,"generationtime_ms":0.01800060272216797,"utc_offset_seconds":0,"timezone":"GMT","timezone_abbreviation":"GMT","elevation":38.0,"current_units":{"time":"iso8601","interval":"seconds","temperature_2m":"°C"},"current":{"time":"2025-07-28T19:00","interval":900,"temperature_2m":21.2}}"
20250728-201631,"{"latitude":52.52,"longitude":13.419998,"generationtime_ms":0.027179718017578125,"utc_offset_seconds":0,"timezone":"GMT","timezone_abbreviation":"GMT","elevation":38.0,"current_units":{"time":"iso8601","interval":"seconds","temperature_2m":"°C"},"current":{"time":"2025-07-28T20:15","interval":900,"temperature_2m":20.2}}"
20250728-211316,"{"latitude":52.52,"longitude":13.419998,"generationtime_ms":0.020623207092285156,"utc_offset_seconds":0,"timezone":"GMT","timezone_abbreviation":"GMT","elevation":38.0,"current_units":{"time":"iso8601","interval":"seconds","temperature_2m":"°C"},"current":{"time":"2025-07-28T21:00","interval":900,"temperature_2m":19.4}}"
20250728-221440,"{"latitude":52.52,"longitude":13.419998,"generationtime_ms":0.022172927856445312,"utc_offset_seconds":0,"timezone":"GMT","timezone_abbreviation":"GMT","elevation":38.0,"current_units":{"time":"iso8601","interval":"seconds","temperature_2m":"°C"},"current":{"time":"2025-07-28T22:00","interval":900,"temperature_2m":18.5}}"
20250728-231358,"{"latitude":52.52,"longitude":13.419998,"generationtime_ms":0.02181529998779297,"utc_offset_seconds":0,"timezone":"GMT","timezone_abbreviation":"GMT","elevation":38.0,"current_units":{"time":"iso8601","interval":"seconds","temperature_2m":"°C"},"current":{"time":"2025-07-28T23:00","interval":900,"temperature_2m":17.9}}"
20250729-011413,"{"latitude":52.52,"longitude":13.419998,"generationtime_ms":0.01633167266845703,"utc_offset_seconds":0,"timezone":"GMT","timezone_abbreviation":"GMT","elevation":38.0,"current_units":{"time":"iso8601","interval":"seconds","temperature_2m":"°C"},"current":{"time":"2025-07-29T01:00","interval":900,"temperature_2m":16.4}}"
20250729-034502,"{"latitude":52.52,"longitude":13.419998,"generationtime_ms":0.02384185791015625,"utc_offset_seconds":0,"timezone":"GMT","timezone_abbreviation":"GMT","elevation":38.0,"current_units":{"time":"iso8601","interval":"seconds","temperature_2m":"°C"},"current":{"time":"2025-07-29T03:45","interval":900,"temperature_2m":14.6}}"
20250729-044120,"{"latitude":52.52,"longitude":13.419998,"generationtime_ms":0.020384788513183594,"utc_offset_seconds":0,"timezone":"GMT","timezone_abbreviation":"GMT","elevation":38.0,"current_units":{"time":"iso8601","interval":"seconds","temperature_2m":"°C"},"current":{"time":"2025-07-29T04:30","interval":900,"temperature_2m":14.8}}"
20250729-052317,"{"latitude":52.52,"longitude":13.419998,"generationtime_ms":0.02300739288330078,"utc_offset_seconds":0,"timezone":"GMT","timezone_abbreviation":"GMT","elevation":38.0,"current_units":{"time":"iso8601","interval":"seconds","temperature_2m":"°C"},"current":{"time":"2025-07-29T05:15","interval":900,"temperature_2m":15.0}}"
20250729-062130,"{"latitude":52.52,"longitude":13.419998,"generationtime_ms":0.02193450927734375,"utc_offset_seconds":0,"timezone":"GMT","timezone_abbreviation":"GMT","elevation":38.0,"current_units":{"time":"iso8601","interval":"seconds","temperature_2m":"°C"},"current":{"time":"2025-07-29T06:15","interval":900,"temperature_2m":16.0}}"
20250729-071921,"{"latitude":52.52,"longitude":13.419998,"generationtime_ms":0.020623207092285156,"utc_offset_seconds":0,"timezone":"GMT","timezone_abbreviation":"GMT","elevation":38.0,"current_units":{"time":"iso8601","interval":"seconds","temperature_2m":"°C"},"current":{"time":"2025-07-29T07:15","interval":900,"temperature_2m":17.5}}"
20250729-082005,"{"latitude":52.52,"longitude":13.419998,"generationtime_ms":0.021457672119140625,"utc_offset_seconds":0,"timezone":"GMT","timezone_abbreviation":"GMT","elevation":38.0,"current_units":{"time":"iso8601","interval":"seconds","temperature_2m":"°C"},"current":{"time":"2025-07-29T08:15","interval":900,"temperature_2m":18.8}}"
20250729-091913,"{"latitude":52.52,"longitude":13.419998,"generationtime_ms":0.020384788513183594,"utc_offset_seconds":0,"timezone":"GMT","timezone_abbreviation":"GMT","elevation":38.0,"current_units":{"time":"iso8601","interval":"seconds","temperature_2m":"°C"},"current":{"time":"2025-07-29T09:15","interval":900,"temperature_2m":19.8}}"
20250729-101505,"{"latitude":52.52,"longitude":13.419998,"generationtime_ms":0.0152587890625,"utc_offset_seconds":0,"timezone":"GMT","timezone_abbreviation":"GMT","elevation":38.0,"current_units":{"time":"iso8601","interval":"seconds","temperature_2m":"°C"},"current":{"time":"2025-07-29T10:15","interval":900,"temperature_2m":20.2}}"
20250729-111253,"{"latitude":52.52,"longitude":13.419998,"generationtime_ms":0.021576881408691406,"utc_offset_seconds":0,"timezone":"GMT","timezone_abbreviation":"GMT","elevation":38.0,"current_units":{"time":"iso8601","interval":"seconds","temperature_2m":"°C"},"current":{"time":"2025-07-29T11:00","interval":900,"temperature_2m":20.6}}"
20250729-122817,"{"latitude":52.52,"longitude":13.419998,"generationtime_ms":0.031948089599609375,"utc_offset_seconds":0,"timezone":"GMT","timezone_abbreviation":"GMT","elevation":38.0,"current_units":{"time":"iso8601","interval":"seconds","temperature_2m":"°C"},"current":{"time":"2025-07-29T12:15","interval":900,"temperature_2m":21.3}}"
20250729-133602,"{"latitude":52.52,"longitude":13.419998,"generationtime_ms":0.020503997802734375,"utc_offset_seconds":0,"timezone":"GMT","timezone_abbreviation":"GMT","elevation":38.0,"current_units":{"time":"iso8601","interval":"seconds","temperature_2m":"°C"},"current":{"time":"2025-07-29T13:30","interval":900,"temperature_2m":20.9}}"
20250729-141811,"{"latitude":52.52,"longitude":13.419998,"generationtime_ms":0.02956390380859375,"utc_offset_seconds":0,"timezone":"GMT","timezone_abbreviation":"GMT","elevation":38.0,"current_units":{"time":"iso8601","interval":"seconds","temperature_2m":"°C"},"current":{"time":"2025-07-29T14:15","interval":900,"temperature_2m":20.9}}"
20250729-151640,"{"latitude":52.52,"longitude":13.419998,"generationtime_ms":0.023484230041503906,"utc_offset_seconds":0,"timezone":"GMT","timezone_abbreviation":"GMT","elevation":38.0,"current_units":{"time":"iso8601","interval":"seconds","temperature_2m":"°C"},"current":{"time":"2025-07-29T15:15","interval":900,"temperature_2m":20.6}}"
20250729-161648,"{"latitude":52.52,"longitude":13.419998,"generationtime_ms":0.022530555725097656,"utc_offset_seconds":0,"timezone":"GMT","timezone_abbreviation":"GMT","elevation":38.0,"current_units":{"time":"iso8601","interval":"seconds","temperature_2m":"°C"},"current":{"time":"2025-07-29T16:15","interval":900,"temperature_2m":20.6}}"
20250729-171642,"{"latitude":52.52,"longitude":13.419998,"generationtime_ms":0.031113624572753906,"utc_offset_seconds":0,"timezone":"GMT","timezone_abbreviation":"GMT","elevation":38.0,"current_units":{"time":"iso8601","interval":"seconds","temperature_2m":"°C"},"current":{"time":"2025-07-29T17:15","interval":900,"temperature_2m":20.3}}"
20250729-182018,"{"latitude":52.52,"longitude":13.419998,"generationtime_ms":0.02300739288330078,"utc_offset_seconds":0,"timezone":"GMT","timezone_abbreviation":"GMT","elevation":38.0,"current_units":{"time":"iso8601","interval":"seconds","temperature_2m":"°C"},"current":{"time":"2025-07-29T18:15","interval":900,"temperature_2m":20.0}}"
20250729-191637,"{"latitude":52.52,"longitude":13.419998,"generationtime_ms":0.02574920654296875,"utc_offset_seconds":0,"timezone":"GMT","timezone_abbreviation":"GMT","elevation":38.0,"current_units":{"time":"iso8601","interval":"seconds","temperature_2m":"°C"},"current":{"time":"2025-07-29T19:15","interval":900,"temperature_2m":19.0}}"
20250729-201536,"{"latitude":52.52,"longitude":13.419998,"generationtime_ms":0.019669532775878906,"utc_offset_seconds":0,"timezone":"GMT","timezone_abbreviation":"GMT","elevation":38.0,"current_units":{"time":"iso8601","interval":"seconds","temperature_2m":"°C"},"current":{"time":"2025-07-29T20:15","interval":900,"temperature_2m":18.2}}"
20250729-211349,"{"latitude":52.52,"longitude":13.419998,"generationtime_ms":0.03325939178466797,"utc_offset_seconds":0,"timezone":"GMT","timezone_abbreviation":"GMT","elevation":38.0,"current_units":{"time":"iso8601","interval":"seconds","temperature_2m":"°C"},"current":{"time":"2025-07-29T21:00","interval":900,"temperature_2m":17.6}}"
20250729-221330,"{"latitude":52.52,"longitude":13.419998,"generationtime_ms":0.020623207092285156,"utc_offset_seconds":0,"timezone":"GMT","timezone_abbreviation":"GMT","elevation":38.0,"current_units":{"time":"iso8601","interval":"seconds","temperature_2m":"°C"},"current":{"time":"2025-07-29T22:00","interval":900,"temperature_2m":16.8}}"
20250729-231407,"{"latitude":52.52,"longitude":13.419998,"generationtime_ms":0.02574920654296875,"utc_offset_seconds":0,"timezone":"GMT","timezone_abbreviation":"GMT","elevation":38.0,"current_units":{"time":"iso8601","interval":"seconds","temperature_2m":"°C"},"current":{"time":"2025-07-29T23:00","interval":900,"temperature_2m":15.9}}"
20250730-010644,"{"latitude":52.52,"longitude":13.419998,"generationtime_ms":0.014662742614746094,"utc_offset_seconds":0,"timezone":"GMT","timezone_abbreviation":"GMT","elevation":38.0,"current_units":{"time":"iso8601","interval":"seconds","temperature_2m":"°C"},"current":{"time":"2025-07-30T01:00","interval":900,"temperature_2m":15.4}}"
20250730-033000,"{"latitude":52.52,"longitude":13.419998,"generationtime_ms":7.127642631530762,"utc_offset_seconds":0,"timezone":"GMT","timezone_abbreviation":"GMT","elevation":38.0,"current_units":{"time":"iso8601","interval":"seconds","temperature_2m":"°C"},"current":{"time":"2025-07-30T03:30","interval":900,"temperature_2m":14.8}}"
20250730-043742,"{"latitude":52.52,"longitude":13.419998,"generationtime_ms":0.020384788513183594,"utc_offset_seconds":0,"timezone":"GMT","timezone_abbreviation":"GMT","elevation":38.0,"current_units":{"time":"iso8601","interval":"seconds","temperature_2m":"°C"},"current":{"time":"2025-07-30T04:30","interval":900,"temperature_2m":14.5}}"
20250730-052357,"{"latitude":52.52,"longitude":13.419998,"generationtime_ms":0.019073486328125,"utc_offset_seconds":0,"timezone":"GMT","timezone_abbreviation":"GMT","elevation":38.0,"current_units":{"time":"iso8601","interval":"seconds","temperature_2m":"°C"},"current":{"time":"2025-07-30T05:15","interval":900,"temperature_2m":14.8}}"
20250730-062227,"{"latitude":52.52,"longitude":13.419998,"generationtime_ms":0.02002716064453125,"utc_offset_seconds":0,"timezone":"GMT","timezone_abbreviation":"GMT","elevation":38.0,"current_units":{"time":"iso8601","interval":"seconds","temperature_2m":"°C"},"current":{"time":"2025-07-30T06:15","interval":900,"temperature_2m":15.7}}"
20250730-071930,"{"latitude":52.52,"longitude":13.419998,"generationtime_ms":0.0171661376953125,"utc_offset_seconds":0,"timezone":"GMT","timezone_abbreviation":"GMT","elevation":38.0,"current_units":{"time":"iso8601","interval":"seconds","temperature_2m":"°C"},"current":{"time":"2025-07-30T07:15","interval":900,"temperature_2m":17.0}}"
20250730-082000,"{"latitude":52.52,"longitude":13.419998,"generationtime_ms":1.8222332000732422,"utc_offset_seconds":0,"timezone":"GMT","timezone_abbreviation":"GMT","elevation":38.0,"current_units":{"time":"iso8601","interval":"seconds","temperature_2m":"°C"},"current":{"time":"2025-07-30T08:15","interval":900,"temperature_2m":18.3}}"
20250730-092133,"{"latitude":52.52,"longitude":13.419998,"generationtime_ms":0.021219253540039062,"utc_offset_seconds":0,"timezone":"GMT","timezone_abbreviation":"GMT","elevation":38.0,"current_units":{"time":"iso8601","interval":"seconds","temperature_2m":"°C"},"current":{"time":"2025-07-30T09:15","interval":900,"temperature_2m":19.6}}"
20250730-101633,"{"latitude":52.52,"longitude":13.419998,"generationtime_ms":0.02086162567138672,"utc_offset_seconds":0,"timezone":"GMT","timezone_abbreviation":"GMT","elevation":38.0,"current_units":{"time":"iso8601","interval":"seconds","temperature_2m":"°C"},"current":{"time":"2025-07-30T10:15","interval":900,"temperature_2m":20.6}}"
20250730-111332,"{"latitude":52.52,"longitude":13.419998,"generationtime_ms":0.02014636993408203,"utc_offset_seconds":0,"timezone":"GMT","timezone_abbreviation":"GMT","elevation":38.0,"current_units":{"time":"iso8601","interval":"seconds","temperature_2m":"°C"},"current":{"time":"2025-07-30T11:00","interval":900,"temperature_2m":21.2}}"
20250730-122859,"{"latitude":52.52,"longitude":13.419998,"generationtime_ms":0.030279159545898438,"utc_offset_seconds":0,"timezone":"GMT","timezone_abbreviation":"GMT","elevation":38.0,"current_units":{"time":"iso8601","interval":"seconds","temperature_2m":"°C"},"current":{"time":"2025-07-30T12:15","interval":900,"temperature_2m":22.4}}"
20250730-133539,"{"latitude":52.52,"longitude":13.419998,"generationtime_ms":0.022292137145996094,"utc_offset_seconds":0,"timezone":"GMT","timezone_abbreviation":"GMT","elevation":38.0,"current_units":{"time":"iso8601","interval":"seconds","temperature_2m":"°C"},"current":{"time":"2025-07-30T13:30","interval":900,"temperature_2m":22.8}}"
20250730-141500,"{"latitude":52.52,"longitude":13.419998,"generationtime_ms":2.4307966232299805,"utc_offset_seconds":0,"timezone":"GMT","timezone_abbreviation":"GMT","elevation":38.0,"current_units":{"time":"iso8601","interval":"seconds","temperature_2m":"°C"},"current":{"time":"2025-07-30T14:15","interval":900,"temperature_2m":22.8}}"
20250730-151552,"{"latitude":52.52,"longitude":13.419998,"generationtime_ms":0.016570091247558594,"utc_offset_seconds":0,"timezone":"GMT","timezone_abbreviation":"GMT","elevation":38.0,"current_units":{"time":"iso8601","interval":"seconds","temperature_2m":"°C"},"current":{"time":"2025-07-30T15:15","interval":900,"temperature_2m":23.2}}"
20250730-161807,"{"latitude":52.52,"longitude":13.419998,"generationtime_ms":0.015854835510253906,"utc_offset_seconds":0,"timezone":"GMT","timezone_abbreviation":"GMT","elevation":38.0,"current_units":{"time":"iso8601","interval":"seconds","temperature_2m":"°C"},"current":{"time":"2025-07-30T16:15","interval":900,"temperature_2m":23.0}}"
20250730-171439,"{"latitude":52.52,"longitude":13.419998,"generationtime_ms":0.022172927856445312,"utc_offset_seconds":0,"timezone":"GMT","timezone_abbreviation":"GMT","elevation":38.0,"current_units":{"time":"iso8601","interval":"seconds","temperature_2m":"°C"},"current":{"time":"2025-07-30T17:00","interval":900,"temperature_2m":22.6}}"
20250730-182047,"{"latitude":52.52,"longitude":13.419998,"generationtime_ms":0.01811981201171875,"utc_offset_seconds":0,"timezone":"GMT","timezone_abbreviation":"GMT","elevation":38.0,"current_units":{"time":"iso8601","interval":"seconds","temperature_2m":"°C"},"current":{"time":"2025-07-30T18:15","interval":900,"temperature_2m":21.1}}"
20250730-191824,"{"latitude":52.52,"longitude":13.419998,"generationtime_ms":0.02086162567138672,"utc_offset_seconds":0,"timezone":"GMT","timezone_abbreviation":"GMT","elevation":38.0,"current_units":{"time":"iso8601","interval":"seconds","temperature_2m":"°C"},"current":{"time":"2025-07-30T19:15","interval":900,"temperature_2m":18.3}}"
20250730-201404,"{"latitude":52.52,"longitude":13.419998,"generationtime_ms":0.02658367156982422,"utc_offset_seconds":0,"timezone":"GMT","timezone_abbreviation":"GMT","elevation":38.0,"current_units":{"time":"iso8601","interval":"seconds","temperature_2m":"°C"},"current":{"time":"2025-07-30T20:00","interval":900,"temperature_2m":19.1}}"
20250730-211416,"{"latitude":52.52,"longitude":13.419998,"generationtime_ms":0.026702880859375,"utc_offset_seconds":0,"timezone":"GMT","timezone_abbreviation":"GMT","elevation":38.0,"current_units":{"time":"iso8601","interval":"seconds","temperature_2m":"°C"},"current":{"time":"2025-07-30T21:00","interval":900,"temperature_2m":18.2}}"
20250730-221440,"{"latitude":52.52,"longitude":13.419998,"generationtime_ms":0.02968311309814453,"utc_offset_seconds":0,"timezone":"GMT","timezone_abbreviation":"GMT","elevation":38.0,"current_units":{"time":"iso8601","interval":"seconds","temperature_2m":"°C"},"current":{"time":"2025-07-30T22:00","interval":900,"temperature_2m":17.5}}"
20250730-231442,"{"latitude":52.52,"longitude":13.419998,"generationtime_ms":0.018358230590820312,"utc_offset_seconds":0,"timezone":"GMT","timezone_abbreviation":"GMT","elevation":38.0,"current_units":{"time":"iso8601","interval":"seconds","temperature_2m":"°C"},"current":{"time":"2025-07-30T23:00","interval":900,"temperature_2m":17.2}}"
20250731-010646,"{"latitude":52.52,"longitude":13.419998,"generationtime_ms":0.02682209014892578,"utc_offset_seconds":0,"timezone":"GMT","timezone_abbreviation":"GMT","elevation":38.0,"current_units":{"time":"iso8601","interval":"seconds","temperature_2m":"°C"},"current":{"time":"2025-07-31T01:00","interval":900,"temperature_2m":16.7}}"
20250731-032842,"{"latitude":52.52,"longitude":13.419998,"generationtime_ms":0.025510787963867188,"utc_offset_seconds":0,"timezone":"GMT","timezone_abbreviation":"GMT","elevation":38.0,"current_units":{"time":"iso8601","interval":"seconds","temperature_2m":"°C"},"current":{"time":"2025-07-31T03:15","interval":900,"temperature_2m":15.2}}"
20250731-043525,"{"latitude":52.52,"longitude":13.419998,"generationtime_ms":0.021576881408691406,"utc_offset_seconds":0,"timezone":"GMT","timezone_abbreviation":"GMT","elevation":38.0,"current_units":{"time":"iso8601","interval":"seconds","temperature_2m":"°C"},"current":{"time":"2025-07-31T04:30","interval":900,"temperature_2m":15.1}}"
20250731-052133,"{"latitude":52.52,"longitude":13.419998,"generationtime_ms":0.023126602172851562,"utc_offset_seconds":0,"timezone":"GMT","timezone_abbreviation":"GMT","elevation":38.0,"current_units":{"time":"iso8601","interval":"seconds","temperature_2m":"°C"},"current":{"time":"2025-07-31T05:15","interval":900,"temperature_2m":15.4}}"
20250731-062151,"{"latitude":52.52,"longitude":13.419998,"generationtime_ms":0.02205371856689453,"utc_offset_seconds":0,"timezone":"GMT","timezone_abbreviation":"GMT","elevation":38.0,"current_units":{"time":"iso8601","interval":"seconds","temperature_2m":"°C"},"current":{"time":"2025-07-31T06:15","interval":900,"temperature_2m":15.8}}"
20250731-071827,"{"latitude":52.52,"longitude":13.419998,"generationtime_ms":0.035643577575683594,"utc_offset_seconds":0,"timezone":"GMT","timezone_abbreviation":"GMT","elevation":38.0,"current_units":{"time":"iso8601","interval":"seconds","temperature_2m":"°C"},"current":{"time":"2025-07-31T07:15","interval":900,"temperature_2m":15.9}}"
20250731-082041,"{"latitude":52.52,"longitude":13.419998,"generationtime_ms":0.029087066650390625,"utc_offset_seconds":0,"timezone":"GMT","timezone_abbreviation":"GMT","elevation":38.0,"current_units":{"time":"iso8601","interval":"seconds","temperature_2m":"°C"},"current":{"time":"2025-07-31T08:15","interval":900,"temperature_2m":16.8}}"
20250731-092055,"{"latitude":52.52,"longitude":13.419998,"generationtime_ms":0.0171661376953125,"utc_offset_seconds":0,"timezone":"GMT","timezone_abbreviation":"GMT","elevation":38.0,"current_units":{"time":"iso8601","interval":"seconds","temperature_2m":"°C"},"current":{"time":"2025-07-31T09:15","interval":900,"temperature_2m":17.5}}"
20250731-101502,"{"latitude":52.52,"longitude":13.419998,"generationtime_ms":0.019669532775878906,"utc_offset_seconds":0,"timezone":"GMT","timezone_abbreviation":"GMT","elevation":38.0,"current_units":{"time":"iso8601","interval":"seconds","temperature_2m":"°C"},"current":{"time":"2025-07-31T10:15","interval":900,"temperature_2m":16.9}}"
20250731-111240,"{"latitude":52.52,"longitude":13.419998,"generationtime_ms":0.017404556274414062,"utc_offset_seconds":0,"timezone":"GMT","timezone_abbreviation":"GMT","elevation":38.0,"current_units":{"time":"iso8601","interval":"seconds","temperature_2m":"°C"},"current":{"time":"2025-07-31T11:00","interval":900,"temperature_2m":16.8}}"
20250731-122645,"{"latitude":52.52,"longitude":13.419998,"generationtime_ms":0.025033950805664062,"utc_offset_seconds":0,"timezone":"GMT","timezone_abbreviation":"GMT","elevation":38.0,"current_units":{"time":"iso8601","interval":"seconds","temperature_2m":"°C"},"current":{"time":"2025-07-31T12:15","interval":900,"temperature_2m":17.5}}"
20250731-133358,"{"latitude":52.52,"longitude":13.419998,"generationtime_ms":0.019669532775878906,"utc_offset_seconds":0,"timezone":"GMT","timezone_abbreviation":"GMT","elevation":38.0,"current_units":{"time":"iso8601","interval":"seconds","temperature_2m":"°C"},"current":{"time":"2025-07-31T13:30","interval":900,"temperature_2m":18.5}}"
20250731-141603,"{"latitude":52.52,"longitude":13.419998,"generationtime_ms":0.015497207641601562,"utc_offset_seconds":0,"timezone":"GMT","timezone_abbreviation":"GMT","elevation":38.0,"current_units":{"time":"iso8601","interval":"seconds","temperature_2m":"°C"},"current":{"time":"2025-07-31T14:15","interval":900,"temperature_2m":18.6}}"
20250731-151637,"{"latitude":52.52,"longitude":13.419998,"generationtime_ms":0.035762786865234375,"utc_offset_seconds":0,"timezone":"GMT","timezone_abbreviation":"GMT","elevation":38.0,"current_units":{"time":"iso8601","interval":"seconds","temperature_2m":"°C"},"current":{"time":"2025-07-31T15:15","interval":900,"temperature_2m":18.8}}"
20250731-161805,"{"latitude":52.52,"longitude":13.419998,"generationtime_ms":0.02193450927734375,"utc_offset_seconds":0,"timezone":"GMT","timezone_abbreviation":"GMT","elevation":38.0,"current_units":{"time":"iso8601","interval":"seconds","temperature_2m":"°C"},"current":{"time":"2025-07-31T16:15","interval":900,"temperature_2m":18.2}}"
20250731-171539,"{"latitude":52.52,"longitude":13.419998,"generationtime_ms":0.015497207641601562,"utc_offset_seconds":0,"timezone":"GMT","timezone_abbreviation":"GMT","elevation":38.0,"current_units":{"time":"iso8601","interval":"seconds","temperature_2m":"°C"},"current":{"time":"2025-07-31T17:15","interval":900,"temperature_2m":18.4}}"
20250731-182009,"{"latitude":52.52,"longitude":13.419998,"generationtime_ms":0.030279159545898438,"utc_offset_seconds":0,"timezone":"GMT","timezone_abbreviation":"GMT","elevation":38.0,"current_units":{"time":"iso8601","interval":"seconds","temperature_2m":"°C"},"current":{"time":"2025-07-31T18:15","interval":900,"temperature_2m":18.1}}"
20250731-191550,"{"latitude":52.52,"longitude":13.419998,"generationtime_ms":0.017404556274414062,"utc_offset_seconds":0,"timezone":"GMT","timezone_abbreviation":"GMT","elevation":38.0,"current_units":{"time":"iso8601","interval":"seconds","temperature_2m":"°C"},"current":{"time":"2025-07-31T19:15","interval":900,"temperature_2m":17.5}}"
20250731-201512,"{"latitude":52.52,"longitude":13.419998,"generationtime_ms":0.014781951904296875,"utc_offset_seconds":0,"timezone":"GMT","timezone_abbreviation":"GMT","elevation":38.0,"current_units":{"time":"iso8601","interval":"seconds","temperature_2m":"°C"},"current":{"time":"2025-07-31T20:15","interval":900,"temperature_2m":17.1}}"
20250731-211422,"{"latitude":52.52,"longitude":13.419998,"generationtime_ms":0.020265579223632812,"utc_offset_seconds":0,"timezone":"GMT","timezone_abbreviation":"GMT","elevation":38.0,"current_units":{"time":"iso8601","interval":"seconds","temperature_2m":"°C"},"current":{"time":"2025-07-31T21:00","interval":900,"temperature_2m":17.0}}"
20250731-221339,"{"latitude":52.52,"longitude":13.419998,"generationtime_ms":0.03707408905029297,"utc_offset_seconds":0,"timezone":"GMT","timezone_abbreviation":"GMT","elevation":38.0,"current_units":{"time":"iso8601","interval":"seconds","temperature_2m":"°C"},"current":{"time":"2025-07-31T22:00","interval":900,"temperature_2m":16.6}}"
20250731-231456,"{"latitude":52.52,"longitude":13.419998,"generationtime_ms":0.023245811462402344,"utc_offset_seconds":0,"timezone":"GMT","timezone_abbreviation":"GMT","elevation":38.0,"current_units":{"time":"iso8601","interval":"seconds","temperature_2m":"°C"},"current":{"time":"2025-07-31T23:00","interval":900,"temperature_2m":16.7}}"
20250801-011510,"{"latitude":52.52,"longitude":13.419998,"generationtime_ms":0.02110004425048828,"utc_offset_seconds":0,"timezone":"GMT","timezone_abbreviation":"GMT","elevation":38.0,"current_units":{"time":"iso8601","interval":"seconds","temperature_2m":"°C"},"current":{"time":"2025-08-01T01:15","interval":900,"temperature_2m":16.4}}"
20250801-035028,"{"latitude":52.52,"longitude":13.419998,"generationtime_ms":0.01704692840576172,"utc_offset_seconds":0,"timezone":"GMT","timezone_abbreviation":"GMT","elevation":38.0,"current_units":{"time":"iso8601","interval":"seconds","temperature_2m":"°C"},"current":{"time":"2025-08-01T03:45","interval":900,"temperature_2m":15.7}}"
20250801-044847,"{"latitude":52.52,"longitude":13.419998,"generationtime_ms":0.030159950256347656,"utc_offset_seconds":0,"timezone":"GMT","timezone_abbreviation":"GMT","elevation":38.0,"current_units":{"time":"iso8601","interval":"seconds","temperature_2m":"°C"},"current":{"time":"2025-08-01T04:45","interval":900,"temperature_2m":15.6}}"
20250801-052638,"{"latitude":52.52,"longitude":13.419998,"generationtime_ms":0.028014183044433594,"utc_offset_seconds":0,"timezone":"GMT","timezone_abbreviation":"GMT","elevation":38.0,"current_units":{"time":"iso8601","interval":"seconds","temperature_2m":"°C"},"current":{"time":"2025-08-01T05:15","interval":900,"temperature_2m":15.7}}"
20250801-062238,"{"latitude":52.52,"longitude":13.419998,"generationtime_ms":0.02288818359375,"utc_offset_seconds":0,"timezone":"GMT","timezone_abbreviation":"GMT","elevation":38.0,"current_units":{"time":"iso8601","interval":"seconds","temperature_2m":"°C"},"current":{"time":"2025-08-01T06:15","interval":900,"temperature_2m":16.4}}"
20250801-072125,"{"latitude":52.52,"longitude":13.419998,"generationtime_ms":0.023245811462402344,"utc_offset_seconds":0,"timezone":"GMT","timezone_abbreviation":"GMT","elevation":38.0,"current_units":{"time":"iso8601","interval":"seconds","temperature_2m":"°C"},"current":{"time":"2025-08-01T07:15","interval":900,"temperature_2m":17.1}}"
20250801-081914,"{"latitude":52.52,"longitude":13.419998,"generationtime_ms":0.018835067749023438,"utc_offset_seconds":0,"timezone":"GMT","timezone_abbreviation":"GMT","elevation":38.0,"current_units":{"time":"iso8601","interval":"seconds","temperature_2m":"°C"},"current":{"time":"2025-08-01T08:15","interval":900,"temperature_2m":17.8}}"
20250801-091905,"{"latitude":52.52,"longitude":13.419998,"generationtime_ms":0.01800060272216797,"utc_offset_seconds":0,"timezone":"GMT","timezone_abbreviation":"GMT","elevation":38.0,"current_units":{"time":"iso8601","interval":"seconds","temperature_2m":"°C"},"current":{"time":"2025-08-01T09:15","interval":900,"temperature_2m":18.5}}"
20250801-101611,"{"latitude":52.52,"longitude":13.419998,"generationtime_ms":0.023603439331054688,"utc_offset_seconds":0,"timezone":"GMT","timezone_abbreviation":"GMT","elevation":38.0,"current_units":{"time":"iso8601","interval":"seconds","temperature_2m":"°C"},"current":{"time":"2025-08-01T10:15","interval":900,"temperature_2m":19.0}}"
20250801-111324,"{"latitude":52.52,"longitude":13.419998,"generationtime_ms":0.022649765014648438,"utc_offset_seconds":0,"timezone":"GMT","timezone_abbreviation":"GMT","elevation":38.0,"current_units":{"time":"iso8601","interval":"seconds","temperature_2m":"°C"},"current":{"time":"2025-08-01T11:00","interval":900,"temperature_2m":18.9}}"
20250801-122708,"{"latitude":52.52,"longitude":13.419998,"generationtime_ms":0.02014636993408203,"utc_offset_seconds":0,"timezone":"GMT","timezone_abbreviation":"GMT","elevation":38.0,"current_units":{"time":"iso8601","interval":"seconds","temperature_2m":"°C"},"current":{"time":"2025-08-01T12:15","interval":900,"temperature_2m":20.1}}"
20250801-133314,"{"latitude":52.52,"longitude":13.419998,"generationtime_ms":0.01811981201171875,"utc_offset_seconds":0,"timezone":"GMT","timezone_abbreviation":"GMT","elevation":38.0,"current_units":{"time":"iso8601","interval":"seconds","temperature_2m":"°C"},"current":{"time":"2025-08-01T13:30","interval":900,"temperature_2m":19.5}}"
20250801-141716,"{"latitude":52.52,"longitude":13.419998,"generationtime_ms":0.029325485229492188,"utc_offset_seconds":0,"timezone":"GMT","timezone_abbreviation":"GMT","elevation":38.0,"current_units":{"time":"iso8601","interval":"seconds","temperature_2m":"°C"},"current":{"time":"2025-08-01T14:15","interval":900,"temperature_2m":19.5}}"
20250801-151444,"{"latitude":52.52,"longitude":13.419998,"generationtime_ms":0.02384185791015625,"utc_offset_seconds":0,"timezone":"GMT","timezone_abbreviation":"GMT","elevation":38.0,"current_units":{"time":"iso8601","interval":"seconds","temperature_2m":"°C"},"current":{"time":"2025-08-01T15:00","interval":900,"temperature_2m":19.6}}"
20250801-161820,"{"latitude":52.52,"longitude":13.419998,"generationtime_ms":0.023484230041503906,"utc_offset_seconds":0,"timezone":"GMT","timezone_abbreviation":"GMT","elevation":38.0,"current_units":{"time":"iso8601","interval":"seconds","temperature_2m":"°C"},"current":{"time":"2025-08-01T16:15","interval":900,"temperature_2m":20.0}}"
20250801-171610,"{"latitude":52.52,"longitude":13.419998,"generationtime_ms":0.017762184143066406,"utc_offset_seconds":0,"timezone":"GMT","timezone_abbreviation":"GMT","elevation":38.0,"current_units":{"time":"iso8601","interval":"seconds","temperature_2m":"°C"},"current":{"time":"2025-08-01T17:15","interval":900,"temperature_2m":19.9}}"
20250801-182001,"{"latitude":52.52,"longitude":13.419998,"generationtime_ms":0.014662742614746094,"utc_offset_seconds":0,"timezone":"GMT","timezone_abbreviation":"GMT","elevation":38.0,"current_units":{"time":"iso8601","interval":"seconds","temperature_2m":"°C"},"current":{"time":"2025-08-01T18:15","interval":900,"temperature_2m":19.7}}"
20250801-191352,"{"latitude":52.52,"longitude":13.419998,"generationtime_ms":0.02300739288330078,"utc_offset_seconds":0,"timezone":"GMT","timezone_abbreviation":"GMT","elevation":38.0,"current_units":{"time":"iso8601","interval":"seconds","temperature_2m":"°C"},"current":{"time":"2025-08-01T19:00","interval":900,"temperature_2m":19.4}}"
20250801-201607,"{"latitude":52.52,"longitude":13.419998,"generationtime_ms":0.02288818359375,"utc_offset_seconds":0,"timezone":"GMT","timezone_abbreviation":"GMT","elevation":38.0,"current_units":{"time":"iso8601","interval":"seconds","temperature_2m":"°C"},"current":{"time":"2025-08-01T20:15","interval":900,"temperature_2m":18.6}}"
20250801-211407,"{"latitude":52.52,"longitude":13.419998,"generationtime_ms":0.021696090698242188,"utc_offset_seconds":0,"timezone":"GMT","timezone_abbreviation":"GMT","elevation":38.0,"current_units":{"time":"iso8601","interval":"seconds","temperature_2m":"°C"},"current":{"time":"2025-08-01T21:00","interval":900,"temperature_2m":18.0}}"
20250801-221323,"{"latitude":52.52,"longitude":13.419998,"generationtime_ms":0.021338462829589844,"utc_offset_seconds":0,"timezone":"GMT","timezone_abbreviation":"GMT","elevation":38.0,"current_units":{"time":"iso8601","interval":"seconds","temperature_2m":"°C"},"current":{"time":"2025-08-01T22:00","interval":900,"temperature_2m":17.6}}"
20250801-231431,"{"latitude":52.52,"longitude":13.419998,"generationtime_ms":0.028371810913085938,"utc_offset_seconds":0,"timezone":"GMT","timezone_abbreviation":"GMT","elevation":38.0,"current_units":{"time":"iso8601","interval":"seconds","temperature_2m":"°C"},"current":{"time":"2025-08-01T23:00","interval":900,"temperature_2m":16.8}}"
20250802-010445,"{"latitude":52.52,"longitude":13.419998,"generationtime_ms":0.022530555725097656,"utc_offset_seconds":0,"timezone":"GMT","timezone_abbreviation":"GMT","elevation":38.0,"current_units":{"time":"iso8601","interval":"seconds","temperature_2m":"°C"},"current":{"time":"2025-08-02T01:00","interval":900,"temperature_2m":16.1}}"
20250802-032204,"{"latitude":52.52,"longitude":13.419998,"generationtime_ms":0.021457672119140625,"utc_offset_seconds":0,"timezone":"GMT","timezone_abbreviation":"GMT","elevation":38.0,"current_units":{"time":"iso8601","interval":"seconds","temperature_2m":"°C"},"current":{"time":"2025-08-02T03:15","interval":900,"temperature_2m":15.6}}"
20250802-042926,"{"error":true,"reason":"Hourly API request limit exceeded. Please try again in the next hour."}"
20250802-051816,"{"latitude":52.52,"longitude":13.419998,"generationtime_ms":0.030755996704101562,"utc_offset_seconds":0,"timezone":"GMT","timezone_abbreviation":"GMT","elevation":38.0,"current_units":{"time":"iso8601","interval":"seconds","temperature_2m":"°C"},"current":{"time":"2025-08-02T05:15","interval":900,"temperature_2m":16.2}}"
20250802-061823,"{"latitude":52.52,"longitude":13.419998,"generationtime_ms":0.02002716064453125,"utc_offset_seconds":0,"timezone":"GMT","timezone_abbreviation":"GMT","elevation":38.0,"current_units":{"time":"iso8601","interval":"seconds","temperature_2m":"°C"},"current":{"time":"2025-08-02T06:15","interval":900,"temperature_2m":16.6}}"
20250802-071338,"{"latitude":52.52,"longitude":13.419998,"generationtime_ms":0.02002716064453125,"utc_offset_seconds":0,"timezone":"GMT","timezone_abbreviation":"GMT","elevation":38.0,"current_units":{"time":"iso8601","interval":"seconds","temperature_2m":"°C"},"current":{"time":"2025-08-02T07:00","interval":900,"temperature_2m":16.9}}"
20250802-081633,"{"latitude":52.52,"longitude":13.419998,"generationtime_ms":0.013470649719238281,"utc_offset_seconds":0,"timezone":"GMT","timezone_abbreviation":"GMT","elevation":38.0,"current_units":{"time":"iso8601","interval":"seconds","temperature_2m":"°C"},"current":{"time":"2025-08-02T08:15","interval":900,"temperature_2m":18.6}}"
20250802-091629,"{"latitude":52.52,"longitude":13.419998,"generationtime_ms":0.022411346435546875,"utc_offset_seconds":0,"timezone":"GMT","timezone_abbreviation":"GMT","elevation":38.0,"current_units":{"time":"iso8601","interval":"seconds","temperature_2m":"°C"},"current":{"time":"2025-08-02T09:15","interval":900,"temperature_2m":19.1}}"
20250802-101416,"{"latitude":52.52,"longitude":13.419998,"generationtime_ms":0.017642974853515625,"utc_offset_seconds":0,"timezone":"GMT","timezone_abbreviation":"GMT","elevation":38.0,"current_units":{"time":"iso8601","interval":"seconds","temperature_2m":"°C"},"current":{"time":"2025-08-02T10:00","interval":900,"temperature_2m":19.5}}"
20250802-111132,"{"latitude":52.52,"longitude":13.419998,"generationtime_ms":0.02276897430419922,"utc_offset_seconds":0,"timezone":"GMT","timezone_abbreviation":"GMT","elevation":38.0,"current_units":{"time":"iso8601","interval":"seconds","temperature_2m":"°C"},"current":{"time":"2025-08-02T11:00","interval":900,"temperature_2m":20.4}}"
20250802-122528,"{"latitude":52.52,"longitude":13.419998,"generationtime_ms":0.017642974853515625,"utc_offset_seconds":0,"timezone":"GMT","timezone_abbreviation":"GMT","elevation":38.0,"current_units":{"time":"iso8601","interval":"seconds","temperature_2m":"°C"},"current":{"time":"2025-08-02T12:15","interval":900,"temperature_2m":21.6}}"
20250802-132711,"{"latitude":52.52,"longitude":13.419998,"generationtime_ms":0.014662742614746094,"utc_offset_seconds":0,"timezone":"GMT","timezone_abbreviation":"GMT","elevation":38.0,"current_units":{"time":"iso8601","interval":"seconds","temperature_2m":"°C"},"current":{"time":"2025-08-02T13:15","interval":900,"temperature_2m":22.0}}"
20250802-141316,"{"latitude":52.52,"longitude":13.419998,"generationtime_ms":0.025391578674316406,"utc_offset_seconds":0,"timezone":"GMT","timezone_abbreviation":"GMT","elevation":38.0,"current_units":{"time":"iso8601","interval":"seconds","temperature_2m":"°C"},"current":{"time":"2025-08-02T14:00","interval":900,"temperature_2m":20.0}}"
20250802-151351,"{"latitude":52.52,"longitude":13.419998,"generationtime_ms":0.02205371856689453,"utc_offset_seconds":0,"timezone":"GMT","timezone_abbreviation":"GMT","elevation":38.0,"current_units":{"time":"iso8601","interval":"seconds","temperature_2m":"°C"},"current":{"time":"2025-08-02T15:00","interval":900,"temperature_2m":22.8}}"
20250802-161513,"{"latitude":52.52,"longitude":13.419998,"generationtime_ms":0.01990795135498047,"utc_offset_seconds":0,"timezone":"GMT","timezone_abbreviation":"GMT","elevation":38.0,"current_units":{"time":"iso8601","interval":"seconds","temperature_2m":"°C"},"current":{"time":"2025-08-02T16:15","interval":900,"temperature_2m":21.6}}"
20250802-171241,"{"latitude":52.52,"longitude":13.419998,"generationtime_ms":0.020384788513183594,"utc_offset_seconds":0,"timezone":"GMT","timezone_abbreviation":"GMT","elevation":38.0,"current_units":{"time":"iso8601","interval":"seconds","temperature_2m":"°C"},"current":{"time":"2025-08-02T17:00","interval":900,"temperature_2m":22.2}}"
20250802-181917,"{"latitude":52.52,"longitude":13.419998,"generationtime_ms":0.02586841583251953,"utc_offset_seconds":0,"timezone":"GMT","timezone_abbreviation":"GMT","elevation":38.0,"current_units":{"time":"iso8601","interval":"seconds","temperature_2m":"°C"},"current":{"time":"2025-08-02T18:15","interval":900,"temperature_2m":21.7}}"
20250802-191010,"{"latitude":52.52,"longitude":13.419998,"generationtime_ms":0.03361701965332031,"utc_offset_seconds":0,"timezone":"GMT","timezone_abbreviation":"GMT","elevation":38.0,"current_units":{"time":"iso8601","interval":"seconds","temperature_2m":"°C"},"current":{"time":"2025-08-02T19:00","interval":900,"temperature_2m":21.2}}"
20250802-201345,"{"latitude":52.52,"longitude":13.419998,"generationtime_ms":0.02002716064453125,"utc_offset_seconds":0,"timezone":"GMT","timezone_abbreviation":"GMT","elevation":38.0,"current_units":{"time":"iso8601","interval":"seconds","temperature_2m":"°C"},"current":{"time":"2025-08-02T20:00","interval":900,"temperature_2m":20.5}}"
20250802-211302,"{"latitude":52.52,"longitude":13.419998,"generationtime_ms":0.018596649169921875,"utc_offset_seconds":0,"timezone":"GMT","timezone_abbreviation":"GMT","elevation":38.0,"current_units":{"time":"iso8601","interval":"seconds","temperature_2m":"°C"},"current":{"time":"2025-08-02T21:00","interval":900,"temperature_2m":19.8}}"
20250802-221249,"{"latitude":52.52,"longitude":13.419998,"generationtime_ms":0.02372264862060547,"utc_offset_seconds":0,"timezone":"GMT","timezone_abbreviation":"GMT","elevation":38.0,"current_units":{"time":"iso8601","interval":"seconds","temperature_2m":"°C"},"current":{"time":"2025-08-02T22:00","interval":900,"temperature_2m":19.2}}"
20250802-231326,"{"latitude":52.52,"longitude":13.419998,"generationtime_ms":0.024199485778808594,"utc_offset_seconds":0,"timezone":"GMT","timezone_abbreviation":"GMT","elevation":38.0,"current_units":{"time":"iso8601","interval":"seconds","temperature_2m":"°C"},"current":{"time":"2025-08-02T23:00","interval":900,"temperature_2m":17.6}}"
20250803-011352,"{"latitude":52.52,"longitude":13.419998,"generationtime_ms":0.01823902130126953,"utc_offset_seconds":0,"timezone":"GMT","timezone_abbreviation":"GMT","elevation":38.0,"current_units":{"time":"iso8601","interval":"seconds","temperature_2m":"°C"},"current":{"time":"2025-08-03T01:00","interval":900,"temperature_2m":16.1}}"
